{
  "L16": {
    "eval_ranges": [
      [
        3851,
        3925
      ],
      [
        3879,
        3953
      ],
      [
        3961,
        4036
      ]
    ],
    "kv_seqs": [
      3851,
      3879,
      3961
    ],
    "metrics": {
      "s3_per_block_false": {
        "one_minus_cos": {
          "mean": 0.009400662034749985,
          "q95": 0.05088076243797938
        },
        "rmse": {
          "mean": 0.010861621238291264,
          "q95": 0.030841243142882984
        }
      },
      "s3_per_block_true": {
        "one_minus_cos": {
          "mean": 0.010015483324726423,
          "q95": 0.055980912099281945
        },
        "rmse": {
          "mean": 0.011053722351789474,
          "q95": 0.030596726884444553
        }
      },
      "s4_per_block_true": {
        "one_minus_cos": {
          "mean": 0.008251632253328959,
          "q95": 0.04501357053716978
        },
        "rmse": {
          "mean": 0.008826788204411665,
          "q95": 0.023928868894775707
        }
      }
    },
    "q_seqs": [
      3925,
      3953,
      4036
    ],
    "sources": [
      "clear_question_logistics.txt",
      "clear_question_clinic.txt",
      "clear_question_observatory.txt"
    ]
  },
  "L30": {
    "eval_ranges": [
      [
        3851,
        3925
      ],
      [
        3879,
        3953
      ],
      [
        3961,
        4036
      ]
    ],
    "kv_seqs": [
      3851,
      3879,
      3961
    ],
    "metrics": {
      "s3_per_block_false": {
        "one_minus_cos": {
          "mean": 0.011201847344636917,
          "q95": 0.05147885655363401
        },
        "rmse": {
          "mean": 0.018520023052891094,
          "q95": 0.045919597148895264
        }
      },
      "s3_per_block_true": {
        "one_minus_cos": {
          "mean": 0.011531242169439793,
          "q95": 0.055373275031646095
        },
        "rmse": {
          "mean": 0.019015484179059666,
          "q95": 0.047496385872364044
        }
      },
      "s4_per_block_true": {
        "one_minus_cos": {
          "mean": 0.008758545232315859,
          "q95": 0.03836015363534292
        },
        "rmse": {
          "mean": 0.015208090965946516,
          "q95": 0.03622539465626081
        }
      }
    },
    "q_seqs": [
      3925,
      3953,
      4036
    ],
    "sources": [
      "clear_question_logistics.txt",
      "clear_question_clinic.txt",
      "clear_question_observatory.txt"
    ]
  }
}