{
  "L16": {
    "eval_ranges": [
      [
        3851,
        3925
      ],
      [
        3879,
        3953
      ],
      [
        3961,
        4036
      ]
    ],
    "kv_seqs": [
      3851,
      3879,
      3961
    ],
    "q_seqs": [
      3925,
      3953,
      4036
    ],
    "sources": [
      "clear_question_logistics.txt",
      "clear_question_clinic.txt",
      "clear_question_observatory.txt"
    ],
    "summary": {
      "abs_lambda": {
        "count": 93528,
        "max": 7.147812366485596,
        "mean": 0.9973099827766418,
        "min": 0.000257859006524086,
        "q05": 0.5127478837966919,
        "q50": 1.0369915962219238,
        "q80": 1.1514610052108765,
        "q95": 1.2661168575286865,
        "q99": 1.3616421222686768,
        "std": 0.23192258179187775
      },
      "abs_lambda_full_groups": {
        "count": 93464,
        "max": 1.6444774866104126,
        "mean": 0.9962002635002136,
        "min": 0.000257859006524086,
        "q05": 0.5126349329948425,
        "q50": 1.036921739578247,
        "q80": 1.1512848138809204,
        "q95": 1.2656563520431519,
        "q99": 1.3609390258789062,
        "std": 0.2181948721408844
      },
      "k_exact_block7_mean_to_rounded": {
        "count": 13376,
        "max": 0.9981158971786499,
        "mean": 0.9956598877906799,
        "min": 0.9920868277549744,
        "q05": 0.9943404197692871,
        "q50": 0.9957141876220703,
        "q80": 0.9963065385818481,
        "q95": 0.9968125820159912,
        "q99": 0.9971907138824463,
        "std": 0.0007523800595663488
      },
      "k_exact_block7_mean_to_rounded_full_groups": {
        "count": 13352,
        "max": 0.9981158971786499,
        "mean": 0.9956597089767456,
        "min": 0.9920868277549744,
        "q05": 0.9943397641181946,
        "q50": 0.9957143068313599,
        "q80": 0.9963058233261108,
        "q95": 0.9968123435974121,
        "q99": 0.9971879124641418,
        "std": 0.0007523788372054696
      },
      "k_token_to_exact_block7_mean": {
        "count": 93528,
        "max": 0.9999991059303284,
        "mean": 0.77095627784729,
        "min": -0.24466964602470398,
        "q05": 0.43037474155426025,
        "q50": 0.8155156373977661,
        "q80": 0.8694692254066467,
        "q95": 0.9036294221878052,
        "q99": 0.9250349402427673,
        "std": 0.14649605751037598
      },
      "k_token_to_exact_block7_mean_full_groups": {
        "count": 93464,
        "max": 0.9614259004592896,
        "mean": 0.7708806395530701,
        "min": -0.24466964602470398,
        "q05": 0.4301900267601013,
        "q50": 0.8154789209365845,
        "q80": 0.869426429271698,
        "q95": 0.9035301804542542,
        "q99": 0.9249149560928345,
        "std": 0.14648789167404175
      },
      "k_token_to_rounded_block7_mean": {
        "count": 93528,
        "max": 0.9965381026268005,
        "mean": 0.7676153779029846,
        "min": -0.23838335275650024,
        "q05": 0.42925310134887695,
        "q50": 0.8117681741714478,
        "q80": 0.8657958507537842,
        "q95": 0.8999731540679932,
        "q99": 0.9214543104171753,
        "std": 0.14591598510742188
      },
      "k_token_to_rounded_block7_mean_full_groups": {
        "count": 93464,
        "max": 0.9572135210037231,
        "mean": 0.7675401568412781,
        "min": -0.23838335275650024,
        "q05": 0.42905688285827637,
        "q50": 0.8117356896400452,
        "q80": 0.8657248020172119,
        "q95": 0.8998401761054993,
        "q99": 0.9212910532951355,
        "std": 0.14590780436992645
      },
      "lambda": {
        "count": 93528,
        "max": 7.147812366485596,
        "mean": 0.997241199016571,
        "min": -0.27840593457221985,
        "q05": 0.5127478837966919,
        "q50": 1.0369915962219238,
        "q80": 1.1514610052108765,
        "q95": 1.2661168575286865,
        "q99": 1.3616421222686768,
        "std": 0.23221787810325623
      },
      "lambda_full_groups": {
        "count": 93464,
        "max": 1.6444774866104126,
        "mean": 0.996131420135498,
        "min": -0.27840593457221985,
        "q05": 0.5126349329948425,
        "q50": 1.036921739578247,
        "q80": 1.1512848138809204,
        "q95": 1.2656563520431519,
        "q99": 1.3609390258789062,
        "std": 0.21850858628749847
      },
      "q_answer_to_block128_mean": {
        "count": 7136,
        "max": 0.9749970436096191,
        "mean": 0.831756055355072,
        "min": 0.570769190788269,
        "q05": 0.7137019634246826,
        "q50": 0.840267539024353,
        "q80": 0.8870880603790283,
        "q95": 0.9258453249931335,
        "q99": 0.9557508230209351,
        "std": 0.06470439583063126
      },
      "q_answer_to_full_mean": {
        "count": 7136,
        "max": 0.8971465826034546,
        "mean": 0.7425417304039001,
        "min": 0.49291691184043884,
        "q05": 0.6405442357063293,
        "q50": 0.7425675392150879,
        "q80": 0.7962201833724976,
        "q95": 0.8430639505386353,
        "q99": 0.8674289584159851,
        "std": 0.061046481132507324
      }
    }
  },
  "L30": {
    "eval_ranges": [
      [
        3851,
        3925
      ],
      [
        3879,
        3953
      ],
      [
        3961,
        4036
      ]
    ],
    "kv_seqs": [
      3851,
      3879,
      3961
    ],
    "q_seqs": [
      3925,
      3953,
      4036
    ],
    "sources": [
      "clear_question_logistics.txt",
      "clear_question_clinic.txt",
      "clear_question_observatory.txt"
    ],
    "summary": {
      "abs_lambda": {
        "count": 93528,
        "max": 7.150007247924805,
        "mean": 0.9970617890357971,
        "min": 0.0020670266821980476,
        "q05": 0.6453114748001099,
        "q50": 1.0194483995437622,
        "q80": 1.1293772459030151,
        "q95": 1.2389581203460693,
        "q99": 1.3463212251663208,
        "std": 0.19623741507530212
      },
      "abs_lambda_full_groups": {
        "count": 93464,
        "max": 1.653205394744873,
        "mean": 0.9959564208984375,
        "min": 0.0020670266821980476,
        "q05": 0.6451994180679321,
        "q50": 1.0193891525268555,
        "q80": 1.1292074918746948,
        "q95": 1.2385187149047852,
        "q99": 1.3449783325195312,
        "std": 0.1798994541168213
      },
      "k_exact_block7_mean_to_rounded": {
        "count": 13376,
        "max": 0.9979137182235718,
        "mean": 0.995604932308197,
        "min": 0.9923235774040222,
        "q05": 0.9943718910217285,
        "q50": 0.9956468343734741,
        "q80": 0.9962213635444641,
        "q95": 0.9967074394226074,
        "q99": 0.9970890879631042,
        "std": 0.0007150316960178316
      },
      "k_exact_block7_mean_to_rounded_full_groups": {
        "count": 13352,
        "max": 0.9979137182235718,
        "mean": 0.9956050515174866,
        "min": 0.9923235774040222,
        "q05": 0.9943714737892151,
        "q50": 0.9956469535827637,
        "q80": 0.9962216019630432,
        "q95": 0.9967070817947388,
        "q99": 0.9970892667770386,
        "std": 0.0007152510224841535
      },
      "k_token_to_exact_block7_mean": {
        "count": 93528,
        "max": 0.9999990463256836,
        "mean": 0.7535548210144043,
        "min": -0.04912332445383072,
        "q05": 0.5269646644592285,
        "q50": 0.7796769142150879,
        "q80": 0.8334973454475403,
        "q95": 0.8732525706291199,
        "q99": 0.9017223715782166,
        "std": 0.11230533570051193
      },
      "k_token_to_exact_block7_mean_full_groups": {
        "count": 93464,
        "max": 0.9606197476387024,
        "mean": 0.7534739375114441,
        "min": -0.04912332445383072,
        "q05": 0.5268344879150391,
        "q50": 0.7796186208724976,
        "q80": 0.8334346413612366,
        "q95": 0.8731075525283813,
        "q99": 0.9013014435768127,
        "std": 0.11227025091648102
      },
      "k_token_to_rounded_block7_mean": {
        "count": 93528,
        "max": 0.9967761039733887,