{
  "L16": {
    "eval_ranges": [
      [
        3851,
        3925
      ],
      [
        3879,
        3953
      ],
      [
        3961,
        4036
      ]
    ],
    "kv_seqs": [
      3851,
      3879,
      3961
    ],
    "metrics": {
      "s3_per_block_false": {
        "one_minus_cos": {
          "mean": 0.035272425040602684,
          "q95": 0.1285615786910057
        },
        "rmse": {
          "mean": 0.014525514096021652,
          "q95": 0.03825488065679868
        }
      },
      "s3_per_block_true": {
        "one_minus_cos": {
          "mean": 0.04572764287392298,
          "q95": 0.16405068834622702
        },
        "rmse": {
          "mean": 0.018187593668699265,
          "q95": 0.04994168629248937
        }
      },
      "s4_per_block_true": {
        "one_minus_cos": {
          "mean": 0.03451597752670447,
          "q95": 0.11946957310040791
        },
        "rmse": {
          "mean": 0.014890982148547968,
          "q95": 0.03658457348744074
        }
      }
    },
    "q_seqs": [
      3925,
      3953,
      4036
    ],
    "query_cosim_to_mean": {
      "block128_mean": {
        "mean": 0.8317426840464274,
        "q50": 0.8404792745908102,
        "q95": 0.926011860370636,
        "std": 0.06462139387925465
      },
      "full_mean": {
        "mean": 0.7425468365351359,
        "q50": 0.7429187297821045,
        "q95": 0.8428417642911276,
        "std": 0.06102504829565684
      }
    },
    "sources": [
      "clear_question_logistics.txt",
      "clear_question_clinic.txt",
      "clear_question_observatory.txt"
    ]
  },
  "L30": {
    "eval_ranges": [
      [
        3851,
        3925
      ],
      [
        3879,
        3953
      ],
      [
        3961,
        4036
      ]
    ],
    "kv_seqs": [
      3851,
      3879,
      3961
    ],
    "metrics": {
      "s3_per_block_false": {
        "one_minus_cos": {
          "mean": 0.03702099621295929,
          "q95": 0.11874912927548091
        },
        "rmse": {
          "mean": 0.019119722147782642,
          "q95": 0.03964843973517418
        }
      },
      "s3_per_block_true": {
        "one_minus_cos": {
          "mean": 0.04961307346820831,
          "q95": 0.1697544107834498
        },
        "rmse": {
          "mean": 0.023724427446722984,
          "q95": 0.05283564701676369
        }
      },
      "s4_per_block_true": {
        "one_minus_cos": {
          "mean": 0.040048920859893165,
          "q95": 0.12672372410694757
        },
        "rmse": {
          "mean": 0.020319249480962753,
          "q95": 0.04262847080826759
        }
      }
    },
    "q_seqs": [
      3925,
      3953,
      4036
    ],
    "query_cosim_to_mean": {
      "block128_mean": {
        "mean": 0.8417184352874756,
        "q50": 0.8481440544128418,
        "q95": 0.9271605610847473,
        "std": 0.06273771822452545
      },
      "full_mean": {
        "mean": 0.7662964264551798,
        "q50": 0.7666915853818258,
        "q95": 0.8762054244677225,
        "std": 0.06561130285263062
      }
    },
    "sources": [
      "clear_question_logistics.txt",
      "clear_question_clinic.txt",
      "clear_question_observatory.txt"
    ]
  }
}