{
  "L16": {
    "eval_ranges": [
      [
        3851,
        3925
      ],
      [
        3879,
        3953
      ],
      [
        3961,
        4036
      ]
    ],
    "kv_seqs": [
      3851,
      3879,
      3961
    ],
    "metrics": {
      "s3_per_block_false": {
        "one_minus_cos": {
          "mean": 0.007672952488064766,
          "q95": 0.03691870843370756
        },
        "rmse": {
          "mean": 0.00867012453575929,
          "q95": 0.023413611575961113
        }
      },
      "s3_per_block_true": {
        "one_minus_cos": {
          "mean": 0.010015483324726423,
          "q95": 0.055980912099281945
        },
        "rmse": {
          "mean": 0.011053722351789474,
          "q95": 0.030596726884444553
        }
      },
      "s4_per_block_true": {
        "one_minus_cos": {
          "mean": 0.008251632253328959,
          "q95": 0.04501357053716978
        },
        "rmse": {
          "mean": 0.008826788204411665,
          "q95": 0.023928868894775707
        }
      }
    },
    "q_seqs": [
      3925,
      3953,
      4036
    ],
    "sources": [
      "clear_question_logistics.txt",
      "clear_question_clinic.txt",
      "clear_question_observatory.txt"
    ]
  },
  "L30": {
    "eval_ranges": [
      [
        3851,
        3925
      ],
      [
        3879,
        3953
      ],
      [
        3961,
        4036
      ]
    ],
    "kv_seqs": [
      3851,
      3879,
      3961
    ],
    "metrics": {
      "s3_per_block_false": {
        "one_minus_cos": {
          "mean": 0.007564565322051446,
          "q95": 0.030508597070972126
        },
        "rmse": {
          "mean": 0.013924466135601202,
          "q95": 0.03164153980712096
        }
      },
      "s3_per_block_true": {
        "one_minus_cos": {
          "mean": 0.011531242169439793,
          "q95": 0.055373275031646095
        },
        "rmse": {
          "mean": 0.019015484179059666,
          "q95": 0.047496385872364044
        }
      },
      "s4_per_block_true": {
        "one_minus_cos": {
          "mean": 0.008758545232315859,
          "q95": 0.03836015363534292
        },
        "rmse": {
          "mean": 0.015208090965946516,
          "q95": 0.03622539465626081
        }
      }
    },
    "q_seqs": [
      3925,
      3953,
      4036
    ],
    "sources": [
      "clear_question_logistics.txt",
      "clear_question_clinic.txt",
      "clear_question_observatory.txt"
    ]
  }
}