{
  "L16": {
    "eval_ranges": [
      [
        3851,
        3925
      ],
      [
        3879,
        3953
      ],
      [
        3961,
        4036
      ]
    ],
    "kv_seqs": [
      3851,
      3879,
      3961
    ],
    "metrics": {
      "s4_per_block_false": {
        "one_minus_cos": {
          "mean": 0.032316802690426506,
          "q95": 0.1118253121773402
        },
        "rmse": {
          "mean": 0.013780579281349977,
          "q95": 0.036242964367071785
        }
      }
    },
    "q_seqs": [
      3925,
      3953,
      4036
    ],
    "query_cosim_to_mean": {
      "block128_mean": {
        "mean": 0.8317426840464274,
        "q50": 0.8404792745908102,
        "q95": 0.926011860370636,
        "std": 0.06462139387925465
      },
      "full_mean": {
        "mean": 0.7425468365351359,
        "q50": 0.7429187297821045,
        "q95": 0.8428417642911276,
        "std": 0.06102504829565684
      }
    },
    "sources": [
      "clear_question_logistics.txt",
      "clear_question_clinic.txt",
      "clear_question_observatory.txt"
    ]
  },
  "L30": {
    "eval_ranges": [
      [
        3851,
        3925
      ],
      [
        3879,
        3953
      ],
      [
        3961,
        4036
      ]
    ],
    "kv_seqs": [
      3851,
      3879,
      3961
    ],
    "metrics": {
      "s4_per_block_false": {
        "one_minus_cos": {
          "mean": 0.03459217771887779,
          "q95": 0.11363407969474792
        },
        "rmse": {
          "mean": 0.018030274659395218,
          "q95": 0.03481935213009516
        }
      }
    },
    "q_seqs": [
      3925,
      3953,
      4036
    ],
    "query_cosim_to_mean": {
      "block128_mean": {
        "mean": 0.8417184352874756,
        "q50": 0.8481440544128418,
        "q95": 0.9271605610847473,
        "std": 0.06273771822452545
      },
      "full_mean": {
        "mean": 0.7662964264551798,
        "q50": 0.7666915853818258,
        "q95": 0.8762054244677225,
        "std": 0.06561130285263062
      }
    },
    "sources": [
      "clear_question_logistics.txt",
      "clear_question_clinic.txt",
      "clear_question_observatory.txt"
    ]
  }
}