{
  "L16": {
    "eval_ranges": [
      [
        3851,
        3925
      ],
      [
        3879,
        3953
      ],
      [
        3961,
        4036
      ]
    ],
    "kv_seqs": [
      3851,
      3879,
      3961
    ],
    "metrics": {
      "s3_per_block_false": {
        "one_minus_cos": {
          "mean": 0.007672952488064766,
          "q95": 0.03691870843370756
        },
        "rmse": {
          "mean": 0.00867012453575929,
          "q95": 0.023413611575961113
        }
      }
    },
    "q_seqs": [
      3925,
      3953,
      4036
    ],
    "query_cosim_to_mean": {
      "block128_mean": {
        "mean": 0.8585558533668518,
        "q50": 0.8794783155123392,
        "q95": 0.9546144406000773,
        "std": 0.076102448006471
      },
      "full_mean": {
        "mean": 0.8153413335482279,
        "q50": 0.8343010544776917,
        "q95": 0.9332319100697836,
        "std": 0.08631602426369984
      }
    },
    "sources": [
      "clear_question_logistics.txt",
      "clear_question_clinic.txt",
      "clear_question_observatory.txt"
    ]
  },
  "L30": {
    "eval_ranges": [
      [
        3851,
        3925
      ],
      [
        3879,
        3953
      ],
      [
        3961,
        4036
      ]
    ],
    "kv_seqs": [
      3851,
      3879,
      3961
    ],
    "metrics": {
      "s3_per_block_false": {
        "one_minus_cos": {
          "mean": 0.007564565322051446,
          "q95": 0.030508597070972126
        },
        "rmse": {
          "mean": 0.013924466135601202,
          "q95": 0.03164153980712096
        }
      }
    },
    "q_seqs": [
      3925,
      3953,
      4036
    ],
    "query_cosim_to_mean": {
      "block128_mean": {
        "mean": 0.8693055907885233,
        "q50": 0.8797548413276672,
        "q95": 0.951908012231191,
        "std": 0.06365525349974632
      },
      "full_mean": {
        "mean": 0.8271081248919169,
        "q50": 0.8332959612210592,
        "q95": 0.9224017461140951,
        "std": 0.06639050940672557
      }
    },
    "sources": [
      "clear_question_logistics.txt",
      "clear_question_clinic.txt",
      "clear_question_observatory.txt"
    ]
  }
}